Departamento,Municipio,Cantidad,Divipola
ANTIOQUIA,MEDELLIN,2372330,5001
ANTIOQUIA,ABEJORRAL,17599,5002
ANTIOQUIA,ABRIAQUI,2159,5004
ANTIOQUIA,ALEJANDRIA,3839,5021
ANTIOQUIA,AMAGA,26821,5030
ANTIOQUIA,AMALFI,20265,5031
ANTIOQUIA,ANDES,38144,5034
ANTIOQUIA,ANGELOPOLIS,5027,5036
ANTIOQUIA,ANGOSTURA,10500,5038
ANTIOQUIA,ANORI,14502,5040
ANTIOQUIA,SANTAFE DE ANTIOQUIA,23216,5042
ANTIOQUIA,ANZA,6388,5044
ANTIOQUIA,APARTADO,113469,5045
ANTIOQUIA,ARBOLETES,26289,5051
ANTIOQUIA,ARGELIA,6752,5055
ANTIOQUIA,ARMENIA,3819,5059
ANTIOQUIA,BARBOSA,44757,5079
ANTIOQUIA,BELMIRA,5349,5086
ANTIOQUIA,BELLO,481901,5088
ANTIOQUIA,BETANIA,8589,5091
ANTIOQUIA,BETULIA,15097,5093
ANTIOQUIA,CIUDAD BOLIVAR,23361,5101
ANTIOQUIA,BRICEÑO,5946,5107
ANTIOQUIA,BURITICA,7409,5113
ANTIOQUIA,CACERES,26460,5120
ANTIOQUIA,CAICEDO,7018,5125
ANTIOQUIA,CALDAS,76260,5129
ANTIOQUIA,CAMPAMENTO,7432,5134
ANTIOQUIA,CAÑASGORDAS,13595,5138
ANTIOQUIA,CARACOLI,3967,5142
ANTIOQUIA,CARAMANTA,4269,5145
ANTIOQUIA,CAREPA,45936,5147
ANTIOQUIA,EL CARMEN DE VIBORAL,53949,5148
ANTIOQUIA,CAROLINA,3343,5150
ANTIOQUIA,CAUCASIA,84717,5154
ANTIOQUIA,CHIGORODO,55564,5172
ANTIOQUIA,CISNEROS,8910,5190
ANTIOQUIA,COCORNA,14743,5197
ANTIOQUIA,CONCEPCION,3936,5206
ANTIOQUIA,CONCORDIA,16095,5209
ANTIOQUIA,COPACABANA,76479,5212
ANTIOQUIA,DABEIBA,22717,5234
ANTIOQUIA,DON MATIAS,14208,5237
ANTIOQUIA,EBEJICO,10338,5240
ANTIOQUIA,EL BAGRE,47642,5250
ANTIOQUIA,ENTRERRIOS,8820,5264
ANTIOQUIA,ENVIGADO,212437,5266
ANTIOQUIA,FREDONIA,18790,5282
ANTIOQUIA,FRONTINO,20156,5284
ANTIOQUIA,GIRALDO,5057,5306
ANTIOQUIA,GIRARDOTA,49045,5308
ANTIOQUIA,GOMEZ PLATA,8235,5310
ANTIOQUIA,GRANADA,9204,5313
ANTIOQUIA,GUADALUPE,5452,5315
ANTIOQUIA,GUARNE,42500,5318
ANTIOQUIA,GUATAPE,7038,5321
ANTIOQUIA,HELICONIA,4709,5347
ANTIOQUIA,HISPANIA,4950,5353
ANTIOQUIA,ITAGUI,263332,5360
ANTIOQUIA,ITUANGO,23784,5361
ANTIOQUIA,JARDIN,13541,5364
ANTIOQUIA,JERICO,11257,5368
ANTIOQUIA,LA CEJA,59386,5376
ANTIOQUIA,LA ESTRELLA,67881,5380
ANTIOQUIA,LA PINTADA,7974,5390
ANTIOQUIA,LA UNION,20769,5400
ANTIOQUIA,LIBORINA,7928,5411
ANTIOQUIA,MACEO,7297,5425
ANTIOQUIA,MARINILLA,55230,5440
ANTIOQUIA,MONTEBELLO,5881,5467
ANTIOQUIA,MURINDO,4642,5475
ANTIOQUIA,MUTATA,12607,5480
ANTIOQUIA,NARIÑO,8603,5483
ANTIOQUIA,NECOCLI,38420,5490
ANTIOQUIA,NECHI,24066,5495
ANTIOQUIA,OLAYA,2719,5501
ANTIOQUIA,PEÑOL,18010,5541
ANTIOQUIA,PEQUE,7155,5543
ANTIOQUIA,PUEBLORRICO,7202,5576
ANTIOQUIA,PUERTO BERRIO,36801,5579
ANTIOQUIA,PUERTO NARE,12161,5585
ANTIOQUIA,PUERTO TRIUNFO,17231,5591
ANTIOQUIA,REMEDIOS,22530,5604
ANTIOQUIA,RETIRO,20700,5607
ANTIOQUIA,RIONEGRO,116400,5615
ANTIOQUIA,SABANALARGA,7833,5628
ANTIOQUIA,SABANETA,81797,5631
ANTIOQUIA,SALGAR,15782,5642
ANTIOQUIA,SAN ANDRES DE CUERQUIA,6295,5647
ANTIOQUIA,SAN CARLOS,14480,5649
ANTIOQUIA,SAN FRANCISCO,5365,5652
ANTIOQUIA,SAN JERONIMO,13158,5656
ANTIOQUIA,SAN JOSE DE LA MONTAÑA,2952,5658
ANTIOQUIA,SAN JUAN DE URABA,19992,5659
ANTIOQUIA,SAN LUIS,11120,5660
ANTIOQUIA,SAN PEDRO,17119,5664
ANTIOQUIA,SAN PEDRO DE URABA,30527,5665
ANTIOQUIA,SAN RAFAEL,12578,5667
ANTIOQUIA,SAN ROQUE,17792,5670
ANTIOQUIA,SAN VICENTE,18051,5674
ANTIOQUIA,SANTA BARBARA,22030,5679
ANTIOQUIA,SANTA ROSA DE OSOS,31067,5686
ANTIOQUIA,SANTO DOMINGO,9786,5690
ANTIOQUIA,EL SANTUARIO,30311,5697
ANTIOQUIA,SEGOVIA,33690,5736
ANTIOQUIA,SONSON,31861,5756
ANTIOQUIA,SOPETRAN,13748,5761
ANTIOQUIA,TAMESIS,15012,5789
ANTIOQUIA,TARAZA,22826,5790
ANTIOQUIA,TARSO,5663,5792
ANTIOQUIA,TITIRIBI,8316,5809
ANTIOQUIA,TOLEDO,4930,5819
ANTIOQUIA,TURBO,114434,5837
ANTIOQUIA,URAMITA,6523,5842
ANTIOQUIA,URRAO,29004,5847
ANTIOQUIA,VALDIVIA,11511,5854
ANTIOQUIA,VALPARAISO,5431,5856
ANTIOQUIA,VEGACHI,11134,5858
ANTIOQUIA,VENECIA,10280,5861
ANTIOQUIA,VIGIA DEL FUERTE,8139,5873
ANTIOQUIA,YALI,6234,5885
ANTIOQUIA,YARUMAL,36337,5887
ANTIOQUIA,YOLOMBO,19010,5890
ANTIOQUIA,YONDO,17597,5893
ANTIOQUIA,ZARAGOZA,24067,5895
ATLANTICO,BARRANQUILLA,1120103,8001
ATLANTICO,BARANOA,61527,8078
ATLANTICO,CAMPO DE LA CRUZ,22810,8137
ATLANTICO,CANDELARIA,15631,8141
ATLANTICO,GALAPA,55123,8296
ATLANTICO,JUAN DE ACOSTA,18828,8372
ATLANTICO,LURUACO,27647,8421
ATLANTICO,MALAMBO,119920,8433
ATLANTICO,MANATI,19233,8436
ATLANTICO,PALMAR DE VARELA,27098,8520
ATLANTICO,PIOJO,5636,8549
ATLANTICO,POLONUEVO,16222,8558
ATLANTICO,PONEDERA,23420,8560
ATLANTICO,PUERTO COLOMBIA,47899,8573
ATLANTICO,REPELON,25467,8606
ATLANTICO,SABANAGRANDE,32026,8634
ATLANTICO,SABANALARGA,92480,8638
ATLANTICO,SANTA LUCIA,12650,8675
ATLANTICO,SANTO TOMAS,28693,8685
ATLANTICO,SOLEDAD,535984,8758
ATLANTICO,SUAN,11607,8770
ATLANTICO,TUBARA,12718,8832
ATLANTICO,USIACURI,9543,8849
BOGOTA,BOGOTA,7181469,11001
BOLIVAR,CARTAGENA,887946,13001
BOLIVAR,ACHI,18879,13006
BOLIVAR,ALTOS DEL ROSARIO,9009,13030
BOLIVAR,ARENAL,7169,13042
BOLIVAR,ARJONA,67118,13052
BOLIVAR,ARROYOHONDO,8058,13062
BOLIVAR,BARRANCO DE LOBA,14435,13074
BOLIVAR,CALAMAR,22202,13140
BOLIVAR,CANTAGALLO,6874,13160
BOLIVAR,CICUCO,13120,13188
BOLIVAR,CORDOBA,15012,13212
BOLIVAR,CLEMENCIA,13821,13222
BOLIVAR,EL CARMEN DE BOLIVAR,67461,13244
BOLIVAR,EL GUAMO,7861,13248
BOLIVAR,EL PEÑON,7234,13268
BOLIVAR,HATILLO DE LOBA,11770,13300
BOLIVAR,MAGANGUE,128003,13430
BOLIVAR,MAHATES,26075,13433
BOLIVAR,MARGARITA,9720,13440
BOLIVAR,MARIA LA BAJA,45324,13442
BOLIVAR,MONTECRISTO,13470,13458
BOLIVAR,MOMPOS,43217,13468
BOLIVAR,MORALES,18678,13473
BOLIVAR,NOROSI,7899,13490
BOLIVAR,PINILLOS,23349,13549
BOLIVAR,REGIDOR,5335,13580
BOLIVAR,RIO VIEJO,8125,13600
BOLIVAR,SAN CRISTOBAL,7454,13620
BOLIVAR,SAN ESTANISLAO,16518,13647
BOLIVAR,SAN FERNANDO,9776,13650
BOLIVAR,SAN JACINTO,23576,13654
BOLIVAR,SAN JACINTO DEL CAUCA,8079,13655
BOLIVAR,SAN JUAN NEPOMUCENO,35438,13657
BOLIVAR,SAN MARTIN DE LOBA,14504,13667
BOLIVAR,SAN PABLO,24669,13670
BOLIVAR,SANTA CATALINA,14039,13673
BOLIVAR,SANTA ROSA,18375,13683
BOLIVAR,SANTA ROSA DEL SUR,27825,13688
BOLIVAR,SIMITI,15353,13744
BOLIVAR,SOPLAVIENTO,9187,13760
BOLIVAR,TALAIGUA NUEVO,12845,13780
BOLIVAR,TIQUISIO,17939,13810
BOLIVAR,TURBACO,98667,13836
BOLIVAR,TURBANA,15550,13838
BOLIVAR,VILLANUEVA,21135,13873
BOLIVAR,ZAMBRANO,11367,13894
BOYACA,TUNJA,167991,15001
BOYACA,ALMEIDA,1582,15022
BOYACA,AQUITANIA,13860,15047
BOYACA,ARCABUCO,5465,15051
BOYACA,BELEN,7322,15087
BOYACA,BERBEO,1453,15090
BOYACA,BETEITIVA,1895,15092
BOYACA,BOAVITA,5024,15097
BOYACA,BOYACA,4472,15104
BOYACA,BRICEÑO,2054,15106
BOYACA,BUENAVISTA,4240,15109
BOYACA,BUSBANZA,903,15114
BOYACA,CALDAS,3086,15131
BOYACA,CAMPOHERMOSO,2705,15135
BOYACA,CERINZA,3636,15162
BOYACA,CHINAVITA,2842,15172
BOYACA,CHIQUINQUIRA,52321,15176
BOYACA,CHISCAS,3587,15180
BOYACA,CHITA,7778,15183
BOYACA,CHITARAQUE,5013,15185
BOYACA,CHIVATA,2783,15187
BOYACA,CIENEGA,4492,15189
BOYACA,COMBITA,12636,15204
BOYACA,COPER,3019,15212
BOYACA,CORRALES,2479,15215
BOYACA,COVARACHIA,2628,15218
BOYACA,CUBARA,10164,15223
BOYACA,CUCAITA,3375,15224
BOYACA,CUITIVA,1628,15226
BOYACA,CHIQUIZA,4347,15232
BOYACA,CHIVOR,1669,15236
BOYACA,DUITAMA,117606,15238
BOYACA,EL COCUY,3999,15244
BOYACA,EL ESPINO,2715,15248
BOYACA,FIRAVITOBA,6523,15272
BOYACA,FLORESTA,3186,15276
BOYACA,GACHANTIVA,2744,15293
BOYACA,GAMEZA,4395,15296
BOYACA,GARAGOA,14145,15299
BOYACA,GUACAMAYAS,1790,15317
BOYACA,GUATEQUE,8123,15322
BOYACA,GUAYATA,3112,15325
BOYACA,GUICAN,3921,15332
BOYACA,IZA,1944,15362
BOYACA,JENESANO,6333,15367
BOYACA,JERICO,3540,15368
BOYACA,LABRANZAGRANDE,3075,15377
BOYACA,LA CAPILLA,2300,15380
BOYACA,LA VICTORIA,956,15401
BOYACA,LA UVITA,2872,15403
BOYACA,VILLA DE LEYVA,14406,15407
BOYACA,MACANAL,3568,15425
BOYACA,MARIPI,5354,15442
BOYACA,MIRAFLORES,8274,15455
BOYACA,MONGUA,4300,15464
BOYACA,MONGUI,3895,15466
BOYACA,MONIQUIRA,20848,15469
BOYACA,MOTAVITA,5253,15476
BOYACA,MUZO,8323,15480
BOYACA,NOBSA,14651,15491
BOYACA,NUEVO COLON,5025,15494
BOYACA,OICATA,2797,15500
BOYACA,OTANCHE,6997,15507
BOYACA,PACHAVITA,2275,15511
BOYACA,PAEZ,2930,15514
BOYACA,PAIPA,31141,15516
BOYACA,PAJARITO,1941,15518
BOYACA,PANQUEBA,1644,15522
BOYACA,PAUNA,6355,15531
BOYACA,PAYA,2061,15533
BOYACA,PAZ DE RIO,4047,15537
BOYACA,PESCA,6604,15542
BOYACA,PISBA,1582,15550
BOYACA,PUERTO BOYACA,44784,15572
BOYACA,QUIPAMA,4194,15580
BOYACA,RAMIRIQUI,8889,15599
BOYACA,RAQUIRA,7312,15600
BOYACA,RONDON,2230,15621
BOYACA,SABOYA,11161,15632
BOYACA,SACHICA,4823,15638
BOYACA,SAMACA,17542,15646
BOYACA,SAN EDUARDO,1572,15660
BOYACA,SAN JOSE DE PARE,4658,15664
BOYACA,SAN LUIS DE GACENO,4551,15667
BOYACA,SAN MATEO,3307,15673
BOYACA,SAN MIGUEL DE SEMA,2901,15676
BOYACA,SAN PABLO DE BORBUR,5839,15681
BOYACA,SANTANA,6826,15686
BOYACA,SANTA MARIA,3109,15690
BOYACA,SANTA ROSA DE VITERBO,11329,15693
BOYACA,SANTA SOFIA,2959,15696
BOYACA,SATIVANORTE,2026,15720
BOYACA,SATIVASUR,1048,15723
BOYACA,SIACHOQUE,6649,15740
BOYACA,SOATA,8538,15753
BOYACA,SOCOTA,7133,15755
BOYACA,SOCHA,7509,15757
BOYACA,SOGAMOSO,120462,15759
BOYACA,SOMONDOCO,2377,15761
BOYACA,SORA,2586,15762
BOYACA,SOTAQUIRA,7953,15763
BOYACA,SORACA,5904,15764
BOYACA,SUSACON,2555,15774
BOYACA,SUTAMARCHAN,5755,15776
BOYACA,SUTATENZA,3501,15778
BOYACA,TASCO,5150,15790
BOYACA,TENZA,3461,15798
BOYACA,TIBANA,7966,15804
BOYACA,TIBASOSA,11023,15806
BOYACA,TINJACA,2869,15808
BOYACA,TIPACOQUE,3154,15810
BOYACA,TOCA,8707,15814
BOYACA,TOGUI,4224,15816
BOYACA,TOPAGA,3531,15820
BOYACA,TOTA,4530,15822
BOYACA,TUNUNGUA,1526,15832
BOYACA,TURMEQUE,5856,15835
BOYACA,TUTA,8154,15837
BOYACA,TUTAZA,1794,15839
BOYACA,UMBITA,6905,15842
BOYACA,VENTAQUEMADA,13984,15861
BOYACA,VIRACACHA,2582,15879
BOYACA,ZETAQUIRA,4301,15897
CALDAS,MANIZALES,400436,17001
CALDAS,AGUADAS,20712,17013
CALDAS,ANSERMA,31811,17042
CALDAS,ARANZAZU,9854,17050
CALDAS,BELALCAZAR,9690,17088
CALDAS,CHINCHINA,48484,17174
CALDAS,FILADELFIA,9630,17272
CALDAS,LA DORADA,70802,17380
CALDAS,LA MERCED,5325,17388
CALDAS,MANZANARES,16532,17433
CALDAS,MARMATO,8485,17442
CALDAS,MARQUETALIA,12146,17444
CALDAS,MARULANDA,2081,17446
CALDAS,NEIRA,20495,17486
CALDAS,NORCASIA,5949,17495
CALDAS,PACORA,13214,17513
CALDAS,PALESTINA,13560,17524
CALDAS,PENSILVANIA,17342,17541
CALDAS,RIOSUCIO,48329,17614
CALDAS,RISARALDA,9840,17616
CALDAS,SALAMINA,16759,17653
CALDAS,SAMANA,17466,17662
CALDAS,SAN JOSE,4524,17665
CALDAS,SUPIA,26571,17777
CALDAS,VICTORIA,8172,17867
CALDAS,VILLAMARIA,62831,17873
CALDAS,VITERBO,12432,17877
CAQUETA,FLORENCIA,156789,18001
CAQUETA,ALBANIA,4514,18029
CAQUETA,BELEN DE LOS ANDAQUIES,9075,18094
CAQUETA,CARTAGENA DEL CHAIRA,27939,18150
CAQUETA,CURILLO,7518,18205
CAQUETA,EL DONCELLO,17775,18247
CAQUETA,EL PAUJIL,13014,18256
CAQUETA,LA MONTAÑITA,12128,18410
CAQUETA,MILAN,7507,18460
CAQUETA,MORELIA,3350,18479
CAQUETA,PUERTO RICO,24395,18592
CAQUETA,SAN JOSE DEL FRAGUA,11364,18610
CAQUETA,SAN VICENTE DEL CAGUAN,42390,18753
CAQUETA,SOLANO,10331,18756
CAQUETA,SOLITA,5431,18785
CAQUETA,VALPARAISO,6082,18860
CAUCA,POPAYAN,277270,19001
CAUCA,ALMAGUER,16523,19022
CAUCA,ARGELIA,20136,19050
CAUCA,BALBOA,18910,19075
CAUCA,BOLIVAR,35837,19100
CAUCA,BUENOS AIRES,25257,19110
CAUCA,CAJIBIO,32237,19130
CAUCA,CALDONO,36139,19137
CAUCA,CALOTO,25416,19142
CAUCA,CORINTO,21975,19212
CAUCA,EL TAMBO,38688,19256
CAUCA,FLORENCIA,5089,19290
CAUCA,GUACHENE,18513,19300
CAUCA,GUAPI,24037,19318
CAUCA,INZA,26571,19355
CAUCA,JAMBALO,16353,19364
CAUCA,LA SIERRA,9935,19392
CAUCA,LA VEGA,19777,19397
CAUCA,LOPEZ,15154,19418
CAUCA,MERCADERES,14824,19450
CAUCA,MIRANDA,28662,19455
CAUCA,MORALES,29737,19473
CAUCA,PADILLA,8763,19513
CAUCA,PAEZ,37666,19517
CAUCA,PATIA,28586,19532
CAUCA,PIAMONTE,7125,19533
CAUCA,PIENDAMO,33431,19548
CAUCA,PUERTO TEJADA,40244,19573
CAUCA,PURACE,14952,19585
CAUCA,ROSAS,9336,19622
CAUCA,SAN SEBASTIAN,9806,19693
CAUCA,SANTANDER DE QUILICHAO,96032,19698
CAUCA,SANTA ROSA,5045,19701
CAUCA,SILVIA,33508,19743
CAUCA,SOTARA,11958,19760
CAUCA,SUAREZ,19690,19780
CAUCA,SUCRE,6201,19785
CAUCA,TIMBIO,32217,19807
CAUCA,TIMBIQUI,21618,19809
CAUCA,TORIBIO,30654,19821
CAUCA,TOTORO,20870,19824
CAUCA,VILLA RICA,18761,19845
CESAR,VALLEDUPAR,459349,20001
CESAR,AGUACHICA,95878,20011
CESAR,AGUSTIN CODAZZI,58621,20013
CESAR,ASTREA,18434,20032
CESAR,BECERRIL,20477,20045
CESAR,BOSCONIA,37531,20060
CESAR,CHIMICHAGUA,30289,20175
CESAR,CHIRIGUANA,27006,20178
CESAR,CURUMANI,34838,20228
CESAR,EL COPEY,28550,20238
CESAR,EL PASO,34620,20250
CESAR,GAMARRA,12444,20295
CESAR,GONZALEZ,4053,20310
CESAR,LA GLORIA,14989,20383
CESAR,LA JAGUA DE IBIRICO,37356,20400
CESAR,MANAURE,9313,20443
CESAR,PAILITAS,16800,20517
CESAR,PELAYA,18497,20550
CESAR,PUEBLO BELLO,22929,20570
CESAR,RIO DE ORO,14408,20614
CESAR,LA PAZ,26109,20621
CESAR,SAN ALBERTO,23040,20710
CESAR,SAN DIEGO,18531,20750
CESAR,SAN MARTIN,20452,20770
CESAR,TAMALAMEQUE,14063,20787
CORDOBA,MONTERIA,433723,23001
CORDOBA,AYAPEL,38816,23068
CORDOBA,BUENAVISTA,18344,23079
CORDOBA,CANALETE,14831,23090
CORDOBA,CERETE,96252,23162
CORDOBA,CHIMA,13492,23168
CORDOBA,CHINU,42680,23182
CORDOBA,CIENAGA DE ORO,56278,23189
CORDOBA,COTORRA,16215,23300
CORDOBA,LA APARTADA,13742,23350
CORDOBA,LORICA,98491,23417
CORDOBA,LOS CORDOBAS,15886,23419
CORDOBA,MOMIL,16264,23464
CORDOBA,MONTELIBANO,71824,23466
CORDOBA,MOÑITOS,25095,23500
CORDOBA,PLANETA RICA,60259,23555
CORDOBA,PUEBLO NUEVO,26968,23570
CORDOBA,PUERTO ESCONDIDO,19474,23574
CORDOBA,PUERTO LIBERTADOR,35362,23580
CORDOBA,PURISIMA,14705,23586
CORDOBA,SAHAGUN,94020,23660
CORDOBA,SAN ANDRES SOTAVENTO,42046,23670
CORDOBA,SAN ANTERO,29028,23672
CORDOBA,SAN BERNARDO DEL VIENTO,29437,23675
CORDOBA,SAN CARLOS,23532,23678
CORDOBA,SAN JOSE DE URE,11059,23682
CORDOBA,SAN PELAYO,40617,23686
CORDOBA,TIERRALTA,86578,23807
CORDOBA,TUCHIN,40033,23815
CORDOBA,VALENCIA,30545,23855
CUNDINAMARCA,AGUA DE DIOS,10742,25001
CUNDINAMARCA,ALBAN,6136,25019
CUNDINAMARCA,ANAPOIMA,12241,25035
CUNDINAMARCA,ANOLAIMA,12204,25040
CUNDINAMARCA,ARBELAEZ,10005,25053
CUNDINAMARCA,BELTRAN,1720,25086
CUNDINAMARCA,BITUIMA,2224,25095
CUNDINAMARCA,BOJACA,9674,25099
CUNDINAMARCA,CABRERA,4512,25120
CUNDINAMARCA,CACHIPAY,9274,25123
CUNDINAMARCA,CAJICA,81111,25126
CUNDINAMARCA,CAPARRAPI,10301,25148
CUNDINAMARCA,CAQUEZA,15594,25151
CUNDINAMARCA,CARMEN DE CARUPA,7345,25154
CUNDINAMARCA,CHAGUANI,3323,25168
CUNDINAMARCA,CHIA,129613,25175
CUNDINAMARCA,CHIPAQUE,8633,25178
CUNDINAMARCA,CHOACHI,10397,25181
CUNDINAMARCA,CHOCONTA,19825,25183
CUNDINAMARCA,COGUA,21102,25200
CUNDINAMARCA,COTA,31868,25214
CUNDINAMARCA,CUCUNUBA,7013,25224
CUNDINAMARCA,EL COLEGIO,22775,25245
CUNDINAMARCA,EL PEÑON,3458,25258
CUNDINAMARCA,EL ROSAL,21887,25260
CUNDINAMARCA,FACATATIVA,136041,25269
CUNDINAMARCA,FOMEQUE,10749,25279
CUNDINAMARCA,FOSCA,5578,25281
CUNDINAMARCA,FUNZA,90854,25286
CUNDINAMARCA,FUQUENE,4849,25288
CUNDINAMARCA,FUSAGASUGA,134658,25290
CUNDINAMARCA,GACHALA,4378,25293
CUNDINAMARCA,GACHANCIPA,16633,25295
CUNDINAMARCA,GACHETA,8203,25297
CUNDINAMARCA,GAMA,3055,25299
CUNDINAMARCA,GIRARDOT,92903,25307
CUNDINAMARCA,GRANADA,6922,25312
CUNDINAMARCA,GUACHETA,12405,25317
CUNDINAMARCA,GUADUAS,27571,25320
CUNDINAMARCA,GUASCA,14992,25322
CUNDINAMARCA,GUATAQUI,1977,25324
CUNDINAMARCA,GUATAVITA,6148,25326
CUNDINAMARCA,GUAYABAL DE SIQUIMA,3604,25328
CUNDINAMARCA,GUAYABETAL,5809,25335
CUNDINAMARCA,GUTIERREZ,3311,25339
CUNDINAMARCA,JERUSALEN,2025,25368
CUNDINAMARCA,JUNIN,5234,25372
CUNDINAMARCA,LA CALERA,28501,25377
CUNDINAMARCA,LA MESA,29452,25386
CUNDINAMARCA,LA PALMA,7708,25394
CUNDINAMARCA,LA PEÑA,5429,25398
CUNDINAMARCA,LA VEGA,13085,25402
CUNDINAMARCA,LENGUAZAQUE,9425,25407
CUNDINAMARCA,MACHETA,6057,25426
CUNDINAMARCA,MADRID,109696,25430
CUNDINAMARCA,MANTA,3354,25436
CUNDINAMARCA,MEDINA,7281,25438
CUNDINAMARCA,MOSQUERA,128893,25473
CUNDINAMARCA,NARIÑO,2101,25483
CUNDINAMARCA,NEMOCON,12198,25486
CUNDINAMARCA,NILO,10555,25488
CUNDINAMARCA,NIMAIMA,3086,25489
CUNDINAMARCA,NOCAIMA,5211,25491
CUNDINAMARCA,VENECIA,4130,25506
CUNDINAMARCA,PACHO,23726,25513
CUNDINAMARCA,PAIME,3865,25518
CUNDINAMARCA,PANDI,4735,25524
CUNDINAMARCA,PARATEBUENO,8043,25530
CUNDINAMARCA,PASCA,8686,25535
CUNDINAMARCA,PUERTO SALGAR,15019,25572
CUNDINAMARCA,PULI,2525,25580
CUNDINAMARCA,QUEBRADANEGRA,4453,25592
CUNDINAMARCA,QUETAME,4929,25594
CUNDINAMARCA,QUIPILE,6114,25596
CUNDINAMARCA,APULO,7533,25599
CUNDINAMARCA,RICAURTE,10788,25612
CUNDINAMARCA,SAN ANTONIO DEL TEQUENDAMA,10214,25645
CUNDINAMARCA,SAN BERNARDO,7417,25649
CUNDINAMARCA,SAN CAYETANO,4043,25653
CUNDINAMARCA,SAN FRANCISCO,9644,25658
CUNDINAMARCA,SAN JUAN DE RIO SECO,7547,25662
CUNDINAMARCA,SASAIMA,9807,25718
CUNDINAMARCA,SESQUILE,11067,25736
CUNDINAMARCA,SIBATE,32803,25740
CUNDINAMARCA,SILVANIA,20581,25743
CUNDINAMARCA,SIMIJACA,11526,25745
CUNDINAMARCA,SOACHA,645205,25754
CUNDINAMARCA,SOPO,24838,25758
CUNDINAMARCA,SUBACHOQUE,14874,25769
CUNDINAMARCA,SUESCA,15401,25772
CUNDINAMARCA,SUPATA,4726,25777
CUNDINAMARCA,SUSA,6073,25779
CUNDINAMARCA,SUTATAUSA,5258,25781
CUNDINAMARCA,TABIO,20602,25785
CUNDINAMARCA,TAUSA,6735,25793
CUNDINAMARCA,TENA,8072,25797
CUNDINAMARCA,TENJO,20386,25799
CUNDINAMARCA,TIBACUY,3944,25805
CUNDINAMARCA,TIBIRITA,2439,25807
CUNDINAMARCA,TOCAIMA,13649,25815
CUNDINAMARCA,TOCANCIPA,39416,25817
CUNDINAMARCA,TOPAIPI,3537,25823
CUNDINAMARCA,UBALA,7583,25839
CUNDINAMARCA,UBAQUE,6390,25841
CUNDINAMARCA,VILLA DE SAN DIEGO DE UBATE,40001,25843
CUNDINAMARCA,UNE,6902,25845
CUNDINAMARCA,UTICA,4032,25851
CUNDINAMARCA,VERGARA,6063,25862
CUNDINAMARCA,VIANI,3806,25867
CUNDINAMARCA,VILLAGOMEZ,1712,25871
CUNDINAMARCA,VILLAPINZON,15834,25873
CUNDINAMARCA,VILLETA,25957,25875
CUNDINAMARCA,VIOTA,12589,25878
CUNDINAMARCA,YACOPI,10887,25885
CUNDINAMARCA,ZIPACON,4211,25898
CUNDINAMARCA,ZIPAQUIRA,129652,25899
CHOCO,QUIBDO,120679,27001
CHOCO,ACANDI,12095,27006
CHOCO,ALTO BAUDO,23954,27025
CHOCO,ATRATO,5519,27050
CHOCO,BAGADO,10583,27073
CHOCO,BAHIA SOLANO,9417,27075
CHOCO,BAJO BAUDO,18561,27077
CHOCO,BOJAYA,11933,27099
CHOCO,EL CANTON DEL SAN PABLO,5663,27135
CHOCO,CARMEN DEL DARIEN,13189,27150
CHOCO,CERTEGUI,4683,27160
CHOCO,CONDOTO,12251,27205
CHOCO,EL CARMEN DE ATRATO,7900,27245
CHOCO,EL LITORAL DEL SAN JUAN,11579,27250
CHOCO,ISTMINA,28087,27361
CHOCO,JURADO,4108,27372
CHOCO,LLORO,8928,27413
CHOCO,MEDIO ATRATO,10140,27425
CHOCO,MEDIO BAUDO,13423,27430
CHOCO,MEDIO SAN JUAN,9073,27450
CHOCO,NOVITA,8164,27491
CHOCO,NUQUI,3456,27495
CHOCO,RIO IRO,4525,27580
CHOCO,RIO QUITO,7974,27600
CHOCO,RIOSUCIO,48257,27615
CHOCO,SAN JOSE DEL PALMAR,4721,27660
CHOCO,SIPI,2768,27745
CHOCO,TADO,17000,27787
CHOCO,UNGUIA,12192,27800
CHOCO,UNION PANAMERICANA,6590,27810
HUILA,NEIVA,314526,41001
HUILA,ACEVEDO,24562,41006
HUILA,AGRADO,8593,41013
HUILA,AIPE,14817,41016
HUILA,ALGECIRAS,20259,41020
HUILA,ALTAMIRA,4169,41026
HUILA,BARAYA,6679,41078
HUILA,CAMPOALEGRE,30183,41132
HUILA,COLOMBIA,7040,41206
HUILA,ELIAS,3736,41244
HUILA,GARZON,66311,41298
HUILA,GIGANTE,22871,41306
HUILA,GUADALUPE,15913,41319
HUILA,HOBO,6700,41349
HUILA,IQUIRA,9064,41357
HUILA,ISNOS,24593,41359
HUILA,LA ARGENTINA,12475,41378
HUILA,LA PLATA,54405,41396
HUILA,NATAGA,6168,41483
HUILA,OPORAPA,11111,41503
HUILA,PAICOL,6424,41518
HUILA,PALERMO,24243,41524
HUILA,PALESTINA,10454,41530
HUILA,PITAL,12246,41548
HUILA,PITALITO,120287,41551
HUILA,RIVERA,22877,41615
HUILA,SALADOBLANCO,10076,41660
HUILA,SAN AGUSTIN,32409,41668
HUILA,SANTA MARIA,10215,41676
HUILA,SUAZA,17376,41770
HUILA,TARQUI,16108,41791
HUILA,TESALIA,9767,41797
HUILA,TELLO,10273,41799
HUILA,TERUEL,7376,41801
HUILA,TIMANA,20919,41807
HUILA,VILLAVIEJA,6943,41872
HUILA,YAGUARA,7380,41885
LA GUAJIRA,RIOHACHA,177573,44001
LA GUAJIRA,ALBANIA,26940,44035
LA GUAJIRA,BARRANCAS,28549,44078
LA GUAJIRA,DIBULLA,36196,44090
LA GUAJIRA,DISTRACCION,11934,44098
LA GUAJIRA,EL MOLINO,6963,44110
LA GUAJIRA,FONSECA,40852,44279
LA GUAJIRA,HATONUEVO,17672,44378
LA GUAJIRA,LA JAGUA DEL PILAR,2952,44420
LA GUAJIRA,MAICAO,159223,44430
LA GUAJIRA,MANAURE,74528,44560
LA GUAJIRA,SAN JUAN DEL CESAR,46077,44650
LA GUAJIRA,URIBIA,160711,44847
LA GUAJIRA,URUMITA,10198,44855
LA GUAJIRA,VILLANUEVA,24996,44874
MAGDALENA,SANTA MARTA,479853,47001
MAGDALENA,ALGARROBO,14294,47030
MAGDALENA,ARACATACA,37476,47053
MAGDALENA,ARIGUANI,28348,47058
MAGDALENA,CERRO SAN ANTONIO,9225,47161
MAGDALENA,CHIBOLO,18208,47170
MAGDALENA,CIENAGA,118435,47189
MAGDALENA,CONCORDIA,9681,47205
MAGDALENA,EL BANCO,59594,47245
MAGDALENA,EL PIÑON,17308,47258
MAGDALENA,EL RETEN,19345,47268
MAGDALENA,FUNDACION,64833,47288
MAGDALENA,GUAMAL,25312,47318
MAGDALENA,NUEVA GRANADA,17470,47460
MAGDALENA,PEDRAZA,7569,47541
MAGDALENA,PIJIÑO DEL CARMEN,11071,47545
MAGDALENA,PIVIJAY,34374,47551
MAGDALENA,PLATO,56210,47555
MAGDALENA,PUEBLOVIEJO,26419,47570
MAGDALENA,REMOLINO,9555,47605
MAGDALENA,SABANAS DE SAN ANGEL,14060,47660
MAGDALENA,SALAMINA,9360,47675
MAGDALENA,SAN SEBASTIAN DE BUENAVISTA,18865,47692
MAGDALENA,SAN ZENON,11279,47703
MAGDALENA,SANTA ANA,22723,47707
MAGDALENA,SANTA BARBARA DE PINTO,9345,47720
MAGDALENA,SITIONUEVO,25804,47745
MAGDALENA,TENERIFE,12364,47798
MAGDALENA,ZAPAYAN,8606,47960
MAGDALENA,ZONA BANANERA,66802,47980
META,VILLAVICENCIO,451212,50001
META,ACACIAS,78199,50006
META,BARRANCA DE UPIA,5946,50110
META,CABUYARO,5432,50124
META,CASTILLA LA NUEVA,13611,50150
META,CUBARRAL,6377,50223
META,CUMARAL,21397,50226
META,EL CALVARIO,1575,50245
META,EL CASTILLO,7397,50251
META,EL DORADO,3699,50270
META,FUENTE DE ORO,11599,50287
META,GRANADA,64932,50313
META,GUAMAL,13857,50318
META,MAPIRIPAN,6036,50325
META,MESETAS,9751,50330
META,LA MACARENA,23877,50350
META,URIBE,8549,50370
META,LEJANIAS,10576,50400
META,PUERTO CONCORDIA,8086,50450
META,PUERTO GAITAN,41017,50568
META,PUERTO LOPEZ,28270,50573
META,PUERTO LLERAS,8982,50577
META,PUERTO RICO,11433,50590
META,RESTREPO,17610,50606
META,SAN CARLOS DE GUAROA,11512,50680
META,SAN JUAN DE ARAMA,8242,50683
META,SAN JUANITO,1149,50686
META,SAN MARTIN,22281,50689
META,VISTAHERMOSA,16525,50711
NARIÑO,PASTO,352326,52001
NARIÑO,ALBAN,8197,52019
NARIÑO,ALDANA,6872,52022
NARIÑO,ANCUYA,7481,52036
NARIÑO,ARBOLEDA,7626,52051
NARIÑO,BARBACOAS,34248,52079
NARIÑO,BELEN,5968,52083
NARIÑO,BUESACO,19951,52110
NARIÑO,COLON,7764,52203
NARIÑO,CONSACA,10117,52207
NARIÑO,CONTADERO,6421,52210
NARIÑO,CORDOBA,14827,52215
NARIÑO,CUASPUD,8975,52224
NARIÑO,CUMBAL,32672,52227
NARIÑO,CUMBITARA,5096,52233
NARIÑO,CHACHAGUI,12419,52240
NARIÑO,EL CHARCO,21071,52250
NARIÑO,EL PEÑOL,6223,52254
NARIÑO,EL ROSARIO,6498,52256
NARIÑO,EL TABLON DE GOMEZ,13255,52258
NARIÑO,EL TAMBO,12457,52260
NARIÑO,FUNES,6211,52287
NARIÑO,GUACHUCAL,18845,52317
NARIÑO,GUAITARILLA,10774,52320
NARIÑO,GUALMATAN,6290,52323
NARIÑO,ILES,7112,52352
NARIÑO,IMUES,6351,52354
NARIÑO,IPIALES,105517,52356
NARIÑO,LA CRUZ,16674,52378
NARIÑO,LA FLORIDA,9047,52381
NARIÑO,LA LLANADA,5321,52385
NARIÑO,LA TOLA,5847,52390
NARIÑO,LA UNION,28659,52399
NARIÑO,LEIVA,8201,52405
NARIÑO,LINARES,8974,52411
NARIÑO,LOS ANDES,8703,52418
NARIÑO,MAGUI,18262,52427
NARIÑO,MALLAMA,8013,52435
NARIÑO,MOSQUERA,10206,52473
NARIÑO,NARIÑO,4007,52480
NARIÑO,OLAYA HERRERA,21415,52490
NARIÑO,OSPINA,6488,52506
NARIÑO,FRANCISCO PIZARRO,7430,52520
NARIÑO,POLICARPA,8149,52540
NARIÑO,POTOSI,10186,52560
NARIÑO,PROVIDENCIA,4619,52565
NARIÑO,PUERRES,8446,52573
NARIÑO,PUPIALES,16431,52585
NARIÑO,RICAURTE,18067,52612
NARIÑO,ROBERTO PAYAN,10473,52621
NARIÑO,SAMANIEGO,23727,52678
NARIÑO,SANDONA,18859,52683
NARIÑO,SAN BERNARDO,8874,52685
NARIÑO,SAN LORENZO,16653,52687
NARIÑO,SAN PABLO,12929,52693
NARIÑO,SAN PEDRO DE CARTAGO,6572,52694
NARIÑO,SANTA BARBARA,8989,52696
NARIÑO,SANTACRUZ,9869,52699
NARIÑO,SAPUYES,7041,52720
NARIÑO,TAMINANGO,15412,52786
NARIÑO,TANGUA,10331,52788
NARIÑO,TUMACO,138091,52835
NARIÑO,TUQUERRES,42413,52838
NARIÑO,YACUANQUER,10579,52885
NORTE DE SANTANDER,CUCUTA,629414,54001
NORTE DE SANTANDER,ABREGO,30191,54003
NORTE DE SANTANDER,ARBOLEDAS,8202,54051
NORTE DE SANTANDER,BOCHALEMA,6972,54099
NORTE DE SANTANDER,BUCARASICA,4698,54109
NORTE DE SANTANDER,CACOTA,2733,54125
NORTE DE SANTANDER,CACHIRA,8642,54128
NORTE DE SANTANDER,CHINACOTA,16021,54172
NORTE DE SANTANDER,CHITAGA,10554,54174
NORTE DE SANTANDER,CONVENCION,18112,54206
NORTE DE SANTANDER,CUCUTILLA,7648,54223
NORTE DE SANTANDER,DURANIA,4390,54239
NORTE DE SANTANDER,EL CARMEN,12001,54245
NORTE DE SANTANDER,EL TARRA,19075,54250
NORTE DE SANTANDER,EL ZULIA,26019,54261
NORTE DE SANTANDER,GRAMALOTE,6408,54313
NORTE DE SANTANDER,HACARI,9745,54344
NORTE DE SANTANDER,HERRAN,4702,54347
NORTE DE SANTANDER,LABATECA,5550,54377
NORTE DE SANTANDER,LA ESPERANZA,11040,54385
NORTE DE SANTANDER,LA PLAYA,7237,54398
NORTE DE SANTANDER,LOS PATIOS,81411,54405
NORTE DE SANTANDER,LOURDES,3609,54418
NORTE DE SANTANDER,MUTISCUA,3891,54480
NORTE DE SANTANDER,OCAÑA,111643,54498
NORTE DE SANTANDER,PAMPLONA,45521,54518
NORTE DE SANTANDER,PAMPLONITA,4944,54520
NORTE DE SANTANDER,PUERTO SANTANDER,8139,54553
NORTE DE SANTANDER,RAGONVALIA,5420,54599
NORTE DE SANTANDER,SALAZAR,8768,54660
NORTE DE SANTANDER,SAN CALIXTO,9961,54670
NORTE DE SANTANDER,SAN CAYETANO,6677,54673
NORTE DE SANTANDER,SANTIAGO,3087,54680
NORTE DE SANTANDER,SARDINATA,21243,54720
NORTE DE SANTANDER,SILOS,5713,54743
NORTE DE SANTANDER,TEORAMA,12727,54800
NORTE DE SANTANDER,TIBU,51399,54810
NORTE DE SANTANDER,TOLEDO,14962,54820
NORTE DE SANTANDER,VILLA CARO,4602,54871
NORTE DE SANTANDER,VILLA DEL ROSARIO,93735,54874
QUINDIO,ARMENIA,275641,63001
QUINDIO,BUENAVISTA,2741,63111
QUINDIO,CALARCA,70662,63130
QUINDIO,CIRCASIA,27135,63190
QUINDIO,CORDOBA,5535,63212
QUINDIO,FILANDIA,11345,63272
QUINDIO,GENOVA,7121,63302
QUINDIO,LA TEBAIDA,32564,63401
QUINDIO,MONTENEGRO,35324,63470
QUINDIO,PIJAO,4877,63548
QUINDIO,QUIMBAYA,29117,63594
QUINDIO,SALENTO,7578,63690
RISARALDA,PEREIRA,409670,66001
RISARALDA,APIA,10707,66045
RISARALDA,BALBOA,5009,66075
RISARALDA,BELEN DE UMBRIA,21450,66088
RISARALDA,DOSQUEBRADAS,194890,66170
RISARALDA,GUATICA,11532,66318
RISARALDA,LA CELIA,6178,66383
RISARALDA,LA VIRGINIA,25900,66400
RISARALDA,MARSELLA,15455,66440
RISARALDA,MISTRATO,16203,66456
RISARALDA,PUEBLO RICO,14429,66572
RISARALDA,QUINCHIA,25213,66594
RISARALDA,SANTA ROSA DE CABAL,71174,66682
RISARALDA,SANTUARIO,11787,66687
SANTANDER,BUCARAMANGA,528855,68001
SANTANDER,AGUADA,1662,68013
SANTANDER,ALBANIA,3317,68020
SANTANDER,ARATOCA,7913,68051
SANTANDER,BARBOSA,28769,68077
SANTANDER,BARICHARA,7647,68079
SANTANDER,BARRANCABERMEJA,199564,68081
SANTANDER,BETULIA,5230,68092
SANTANDER,BOLIVAR,9567,68101
SANTANDER,CABRERA,1621,68121
SANTANDER,CALIFORNIA,1832,68132
SANTANDER,CAPITANEJO,5328,68147
SANTANDER,CARCASI,4130,68152
SANTANDER,CEPITA,1869,68160
SANTANDER,CERRITO,6460,68162
SANTANDER,CHARALA,11035,68167
SANTANDER,CHARTA,2824,68169
SANTANDER,CHIMA,2364,68176
SANTANDER,CHIPATA,4341,68179
SANTANDER,CIMITARRA,25782,68190
SANTANDER,CONCEPCION,5300,68207
SANTANDER,CONFINES,2915,68209
SANTANDER,CONTRATACION,3296,68211
SANTANDER,COROMORO,4816,68217
SANTANDER,CURITI,11653,68229
SANTANDER,EL CARMEN DE CHUCURI,17638,68235
SANTANDER,EL GUACAMAYO,1643,68245
SANTANDER,EL PEÑON,4097,68250
SANTANDER,EL PLAYON,12966,68255
SANTANDER,ENCINO,2334,68264
SANTANDER,ENCISO,3394,68266
SANTANDER,FLORIAN,4603,68271
SANTANDER,FLORIDABLANCA,275109,68276
SANTANDER,GALAN,2682,68296
SANTANDER,GAMBITA,3529,68298
SANTANDER,GIRON,150610,68307
SANTANDER,GUACA,5762,68318
SANTANDER,GUADALUPE,3880,68320
SANTANDER,GUAPOTA,2052,68322
SANTANDER,GUAVATA,3751,68324
SANTANDER,GUEPSA,4405,68327
SANTANDER,HATO,2120,68344
SANTANDER,JESUS MARIA,2991,68368
SANTANDER,JORDAN,1163,68370
SANTANDER,LA BELLEZA,5505,68377
SANTANDER,LANDAZURI,9238,68385
SANTANDER,LA PAZ,3989,68397
SANTANDER,LEBRIJA,37214,68406
SANTANDER,LOS SANTOS,12433,68418
SANTANDER,MACARAVITA,2130,68425
SANTANDER,MALAGA,19884,68432
SANTANDER,MATANZA,4499,68444
SANTANDER,MOGOTES,10165,68464
SANTANDER,MOLAGAVITA,3915,68468
SANTANDER,OCAMONTE,4537,68498
SANTANDER,OIBA,10117,68500
SANTANDER,ONZAGA,3955,68502
SANTANDER,PALMAR,1253,68522
SANTANDER,PALMAS DEL SOCORRO,2467,68524
SANTANDER,PARAMO,4144,68533
SANTANDER,PIEDECUESTA,157425,68547
SANTANDER,PINCHOTE,4508,68549
SANTANDER,PUENTE NACIONAL,12586,68572
SANTANDER,PUERTO PARRA,6861,68573
SANTANDER,PUERTO WILCHES,31698,68575
SANTANDER,RIONEGRO,25266,68615
SANTANDER,SABANA DE TORRES,27845,68655
SANTANDER,SAN ANDRES,8035,68669
SANTANDER,SAN BENITO,2706,68673
SANTANDER,SAN GIL,54687,68679
SANTANDER,SAN JOAQUIN,2167,68682
SANTANDER,SAN JOSE DE MIRANDA,4153,68684
SANTANDER,SAN MIGUEL,2433,68686
SANTANDER,SAN VICENTE DE CHUCURI,29427,68689
SANTANDER,SANTA BARBARA,2239,68705
SANTANDER,SANTA HELENA DEL OPON,3166,68720
SANTANDER,SIMACOTA,7842,68745
SANTANDER,SOCORRO,29997,68755
SANTANDER,SUAITA,8771,68770
SANTANDER,SUCRE,6044,68773
SANTANDER,SURATA,3520,68780
SANTANDER,TONA,6680,68820
SANTANDER,VALLE DE SAN JOSE,5648,68855
SANTANDER,VELEZ,19376,68861
SANTANDER,VETAS,1762,68867
SANTANDER,VILLANUEVA,6738,68872
SANTANDER,ZAPATOCA,8997,68895
SUCRE,SINCELEJO,274622,70001
SUCRE,BUENAVISTA,10007,70110
SUCRE,CAIMITO,13331,70124
SUCRE,COLOSO,7803,70204
SUCRE,COROZAL,66350,70215
SUCRE,COVEÑAS,17091,70221
SUCRE,CHALAN,4425,70230
SUCRE,EL ROBLE,9786,70233
SUCRE,GALERAS,20239,70235
SUCRE,GUARANDA,15618,70265
SUCRE,LA UNION,11510,70400
SUCRE,LOS PALMITOS,21831,70418
SUCRE,MAJAGUAL,32622,70429
SUCRE,MORROA,14793,70473
SUCRE,OVEJAS,22384,70508
SUCRE,PALMITO,12534,70523
SUCRE,SAMPUES,44617,70670
SUCRE,SAN BENITO ABAD,25511,70678
SUCRE,SAN JUAN DE BETULIA,13437,70702
SUCRE,SAN MARCOS,53340,70708
SUCRE,SAN ONOFRE,47952,70713
SUCRE,SAN PEDRO,18029,70717
SUCRE,SAN LUIS DE SINCE,30188,70742
SUCRE,SUCRE,23971,70771
SUCRE,SANTIAGO DE TOLU,32012,70820
SUCRE,TOLU VIEJO,20033,70823
TOLIMA,IBAGUE,500686,73001
TOLIMA,ALPUJARRA,4091,73024
TOLIMA,ALVARADO,6712,73026
TOLIMA,AMBALEMA,6524,73030
TOLIMA,ANZOATEGUI,7658,73043
TOLIMA,ARMERO,11440,73055
TOLIMA,ATACO,18237,73067
TOLIMA,CAJAMARCA,17309,73124
TOLIMA,CARMEN DE APICALA,9643,73148
TOLIMA,CASABIANCA,5496,73152
TOLIMA,CHAPARRAL,43795,73168
TOLIMA,COELLO,7495,73200
TOLIMA,COYAIMA,18999,73217
TOLIMA,CUNDAY,7762,73226
TOLIMA,DOLORES,7274,73236
TOLIMA,ESPINAL,67983,73268
TOLIMA,FALAN,6612,73270
TOLIMA,FLANDES,27334,73275
TOLIMA,FRESNO,28920,73283
TOLIMA,GUAMO,30516,73319
TOLIMA,HERVEO,6368,73347
TOLIMA,HONDA,23616,73349
TOLIMA,ICONONZO,10057,73352
TOLIMA,LERIDA,17084,73408
TOLIMA,LIBANO,33262,73411
TOLIMA,MARIQUITA,34505,73443
TOLIMA,MELGAR,34136,73449
TOLIMA,MURILLO,3389,73461
TOLIMA,NATAGAIMA,14292,73483
TOLIMA,ORTEGA,29665,73504
TOLIMA,PALOCABILDO,9210,73520
TOLIMA,PIEDRAS,5574,73547
TOLIMA,PLANADAS,21557,73555
TOLIMA,PRADO,7893,73563
TOLIMA,PURIFICACION,22682,73585
TOLIMA,RIOBLANCO,19090,73616
TOLIMA,RONCESVALLES,5161,73622
TOLIMA,ROVIRA,20220,73624
TOLIMA,SALDAÑA,14099,73671
TOLIMA,SAN ANTONIO,11514,73675
TOLIMA,SAN LUIS,12139,73678
TOLIMA,SANTA ISABEL,5128,73686
TOLIMA,SUAREZ,3446,73770
TOLIMA,VALLE DE SAN JUAN,4502,73854
TOLIMA,VENADILLO,12137,73861
TOLIMA,VILLAHERMOSA,8530,73870
TOLIMA,VILLARRICA,5021,73873
VALLE DEL CAUCA,CALI,1822869,76001
VALLE DEL CAUCA,ALCALA,12186,76020
VALLE DEL CAUCA,ANDALUCIA,18132,76036
VALLE DEL CAUCA,ANSERMANUEVO,15668,76041
VALLE DEL CAUCA,ARGELIA,5008,76054
VALLE DEL CAUCA,BOLIVAR,13954,76100
VALLE DEL CAUCA,BUENAVENTURA,258445,76109
VALLE DEL CAUCA,GUADALAJARA DE BUGA,115821,76111
VALLE DEL CAUCA,BUGALAGRANDE,22052,76113
VALLE DEL CAUCA,CAICEDONIA,26357,76122
VALLE DEL CAUCA,CALIMA,16054,76126
VALLE DEL CAUCA,CANDELARIA,84661,76130
VALLE DEL CAUCA,CARTAGO,118803,76147
VALLE DEL CAUCA,DAGUA,39665,76233
VALLE DEL CAUCA,EL AGUILA,7393,76243
VALLE DEL CAUCA,EL CAIRO,6179,76246
VALLE DEL CAUCA,EL CERRITO,53983,76248
VALLE DEL CAUCA,EL DOVIO,8513,76250
VALLE DEL CAUCA,FLORIDA,54207,76275
VALLE DEL CAUCA,GINEBRA,19069,76306
VALLE DEL CAUCA,GUACARI,30275,76318
VALLE DEL CAUCA,JAMUNDI,131806,76364
VALLE DEL CAUCA,LA CUMBRE,12879,76377
VALLE DEL CAUCA,LA UNION,29388,76400
VALLE DEL CAUCA,LA VICTORIA,11058,76403
VALLE DEL CAUCA,OBANDO,10970,76497
VALLE DEL CAUCA,PALMIRA,302642,76520
VALLE DEL CAUCA,PRADERA,43552,76563
VALLE DEL CAUCA,RESTREPO,12816,76606
VALLE DEL CAUCA,RIOFRIO,14045,76616
VALLE DEL CAUCA,ROLDANILLO,31658,76622
VALLE DEL CAUCA,SAN PEDRO,15450,76670
VALLE DEL CAUCA,SEVILLA,36827,76736
VALLE DEL CAUCA,TORO,12091,76823
VALLE DEL CAUCA,TRUJILLO,16688,76828
VALLE DEL CAUCA,TULUA,187159,76834
VALLE DEL CAUCA,ULLOA,4844,76845
VALLE DEL CAUCA,VERSALLES,6233,76863
VALLE DEL CAUCA,VIJES,10766,76869
VALLE DEL CAUCA,YOTOCO,15325,76890
VALLE DEL CAUCA,YUMBO,95040,76892
VALLE DEL CAUCA,ZARZAL,39343,76895
ARAUCA,ARAUCA,75735,81001
ARAUCA,ARAUQUITA,45268,81065
ARAUCA,CRAVO NORTE,3644,81220
ARAUCA,FORTUL,17492,81300
ARAUCA,PUERTO RONDON,4169,81591
ARAUCA,SARAVENA,52884,81736
ARAUCA,TAME,40311,81794
CASANARE,YOPAL,156942,85001
CASANARE,AGUAZUL,33440,85010
CASANARE,CHAMEZA,2009,85015
CASANARE,HATO COROZAL,11431,85125
CASANARE,LA SALINA,1227,85136
CASANARE,MANI,13291,85139
CASANARE,MONTERREY,14828,85162
CASANARE,NUNCHIA,8469,85225
CASANARE,OROCUE,8142,85230
CASANARE,PAZ DE ARIPORO,34446,85250
CASANARE,PORE,10675,85263
CASANARE,RECETOR,1247,85279
CASANARE,SABANALARGA,3046,85300
CASANARE,SACAMA,1675,85315
CASANARE,SAN LUIS DE PALENQUE,7537,85325
CASANARE,TAMARA,6317,85400
CASANARE,TAURAMENA,21709,85410
CASANARE,TRINIDAD,11734,85430
CASANARE,VILLANUEVA,31727,85440
PUTUMAYO,MOCOA,48422,86001
PUTUMAYO,COLON,5204,86219
PUTUMAYO,ORITO,33003,86320
PUTUMAYO,PUERTO ASIS,57255,86568
PUTUMAYO,PUERTO CAICEDO,11122,86569
PUTUMAYO,PUERTO GUZMAN,17495,86571
PUTUMAYO,LEGUIZAMO,20045,86573
PUTUMAYO,SIBUNDOY,14104,86749
PUTUMAYO,SAN FRANCISCO,5572,86755
PUTUMAYO,SAN MIGUEL,14054,86757
PUTUMAYO,SANTIAGO,6836,86760
PUTUMAYO,VALLE DEL GUAMUEZ,27455,86865
PUTUMAYO,VILLAGARZON,22630,86885
"SAN ANDRES, PROVIDENCIA Y SANTA CATALINA",SAN ANDRES,43754,88001
"SAN ANDRES, PROVIDENCIA Y SANTA CATALINA",PROVIDENCIA,4545,88564
AMAZONAS,LETICIA,42844,91001
AMAZONAS,EL ENCANTO,1885,91263
AMAZONAS,LA CHORRERA,2357,91405
AMAZONAS,LA PEDRERA,3781,91407
AMAZONAS,LA VICTORIA,166,91430
AMAZONAS,MIRITI ,1023,91460
AMAZONAS,PUERTO ALEGRIA,681,91530
AMAZONAS,PUERTO ARICA,794,91536
AMAZONAS,PUERTO NARIÑO,7896,91540
AMAZONAS,PUERTO SANTANDER,1450,91669
AMAZONAS,TARAPACA,3179,91798
GUAINIA,INIRIDA,30104,94001
GUAINIA,BARRANCO MINAS,7207,94343
GUAINIA,MAPIRIPANA,1011,94663
GUAINIA,SAN FELIPE,1411,94883
GUAINIA,PUERTO COLOMBIA,1643,94884
GUAINIA,LA GUADALUPE,222,94885
GUAINIA,CACAHUAL,839,94886
GUAINIA,PANA PANA,1182,94887
GUAINIA,MORICHAL,812,94888
GUAVIARE,SAN JOSE DEL GUAVIARE,48086,95001
GUAVIARE,CALAMAR,8648,95015
GUAVIARE,EL RETORNO,11340,95025
GUAVIARE,MIRAFLORES,5007,95200
VAUPES,MITU,27709,97001
VAUPES,CARURU,2827,97161
VAUPES,PACOA,3956,97511
VAUPES,TARAIRA,2010,97666
VAUPES,PAPUNAUA,432,97777
VAUPES,YAVARATE,756,97889
VICHADA,PUERTO CARREÑO,19788,99001
VICHADA,LA PRIMAVERA,9690,99524
VICHADA,SANTA ROSALIA,4026,99624
VICHADA,CUMARIBO,43138,99773
